string;MAFSAEDVLKEYDRRRRMEALLLSLYYPNDRKLLDYKEWSPPRVQVECPKAPVEWNNPPSEKGLIVGHFSGIKYKGEKAQASEVDVNKMCCWVSKFKDAMRRYQGIQTCKIPGKVLSDLDAKIKAYNLTVEGVEGFVRYSRVTKQHVAAFLKELRHSKQYENVNLIHYILTDKRVDIQHLEKDLVKDFKALVESAHRMRQGHMINVKYILYQLLKKHGHGPDGPDILTVKTGSKGVLYDDSFRKIYTDLGWKFTPL;;
regex;result;copro;python re
(((R|K|X)(R|K|X))?.(S|T|X));True;143;0; 
(S|T|X)(..)?(D|B|E|Z|X);True;177;0; 
(C|X).(D|B|N|B|X)(....)?(F|Y|X).(C|X).(C|X);False;5459;0; 
(C|X)(.....?)?(C|X)(C|X)(S|X)(..)?(G|X).(C|X)(G|X)(....?)?(F|Y|W|X)(C|X);False;5459;0; 
(C|X)(..(..)?)?(C|X)(...)?(L|I|V|M|F|Y|W|C|X)(........)?(H|X)(...(..)?)?(H|X);False;5529;0; 
((L|I|V|M|F|E|Z|X)(F|Y|X)(P|X)(W|X)(M|X)(K|R|Q|Z|T|A|X));False;8371;0; 
((L|X)(M|X)(A|X)(E|Z|Q|Z|X)(G|X)(L|X)(Y|X)(N|B|X));False;5454;0; 
((R|X)(P|X)(C|X)(..........)?(C|X)(V|X)(S|X));False;5482;0; 
(R|K|X)(...?)?(D|B|E|Z|X)(...?)?(Y|X);True;307;0; 
.(G|X)(R|K|X)(R|K|X);False;4139;0; 
(S|T|X).(R|K|X);True;1253;0; 
((R|K|X)(...?)?(D|B|E|Z|X)(...?)?(Y|X))|(.(G|X)(R|K|X)(R|K|X))|((S|T|X).(R|K|X));True;371;0; 
string;MSIIGATRLQNDKSDTYSAGPCYAGGCSAFTPRGTCGKDWDLGEQTCASGFCTSQPLCARIKKTQVCGLRYSSKGKDPLVSAEWDSRGAPYVRCTYDADLIDTQAQVDQFVSMFGESPSLAERYCMRGVKNTAGELVSRVSSDADPAGGWCRKWYSAHRGPDQDAALGSFCIKNPGAADCKCINRASDPVYQKVKTLHAYPDQCWYVPCAADVGELKMGTQRDTPTNCPTQVCQIVFNMLDDGSVTMDDVKNTINCDFSKYVPPPPPPKPTPPTPPTPPTPPTPPTPPTPPTPRPVHNRKVMFFVAGAVLVAILISTVRW;;
regex;result;copro;python re
(((R|K|X)(R|K|X))?.(S|T|X));True;75;0; 
(S|T|X)(..)?(D|B|E|Z|X);True;372;0; 
(C|X).(D|B|N|B|X)(....)?(F|Y|X).(C|X).(C|X);False;6911;0; 
(C|X)(.....?)?(C|X)(C|X)(S|X)(..)?(G|X).(C|X)(G|X)(....?)?(F|Y|W|X)(C|X);False;6847;0; 
(C|X)(..(..)?)?(C|X)(...)?(L|I|V|M|F|Y|W|C|X)(........)?(H|X)(...(..)?)?(H|X);False;7174;0; 
((L|I|V|M|F|E|Z|X)(F|Y|X)(P|X)(W|X)(M|X)(K|R|Q|Z|T|A|X));False;10405;0; 
((L|X)(M|X)(A|X)(E|Z|Q|Z|X)(G|X)(L|X)(Y|X)(N|B|X));False;6787;0; 
((R|X)(P|X)(C|X)(..........)?(C|X)(V|X)(S|X));False;6849;0; 
(R|K|X)(...?)?(D|B|E|Z|X)(...?)?(Y|X);True;4766;0; 
.(G|X)(R|K|X)(R|K|X);False;5175;0; 
(S|T|X).(R|K|X);True;681;0; 
((R|K|X)(...?)?(D|B|E|Z|X)(...?)?(Y|X))|(.(G|X)(R|K|X)(R|K|X))|((S|T|X).(R|K|X));True;1022;0; 
string;MASNTVSAQGGSNRPVRDFSNIQDVAQFLLFDPIWNEQPGSIVPWKMNREQALAERYPELQTSEPSEDYSGPVESLELLPLEIKLDIMQYLSWEQISWCKHPWLWTRWYKDNVVRVSAITFEDFQREYAFPEKIQEIHFTDTRAEEIKAILETTPNVTRLVIRRIDDMNYNTHGDLGLDDLEFLTHLMVEDACGFTDFWAPSLTHLTIKNLDMHPRWFGPVMDGIKSMQSTLKYLYIFETYGVNKPFVQWCTDNIETFYCTNSYRYENVPRPIYVWVLFQEDEWHGYRVEDNKFHRRYMYSTILHKRDTDWVENNPLKTPAQVEMYKFLLRISQLNRDGTGYESDSDPENEHFDDESFSSGEEDSSDEDDPTWAPDSDDSDWETETEEEPSVAARILEKGKLTITNLMKSLGFKPKPKKIQSIDRYFCSLDSNYNSEDEDFEYDSDSEDDDSDSEDDC;;
regex;result;copro;python re
(((R|K|X)(R|K|X))?.(S|T|X));True;111;0; 
(S|T|X)(..)?(D|B|E|Z|X);True;1430;0; 
(C|X).(D|B|N|B|X)(....)?(F|Y|X).(C|X).(C|X);False;9748;0; 
(C|X)(.....?)?(C|X)(C|X)(S|X)(..)?(G|X).(C|X)(G|X)(....?)?(F|Y|W|X)(C|X);False;9706;0; 
(C|X)(..(..)?)?(C|X)(...)?(L|I|V|M|F|Y|W|C|X)(........)?(H|X)(...(..)?)?(H|X);False;9752;0; 
((L|I|V|M|F|E|Z|X)(F|Y|X)(P|X)(W|X)(M|X)(K|R|Q|Z|T|A|X));False;14870;0; 
((L|X)(M|X)(A|X)(E|Z|Q|Z|X)(G|X)(L|X)(Y|X)(N|B|X));False;9713;0; 
((R|X)(P|X)(C|X)(..........)?(C|X)(V|X)(S|X));False;9778;0; 
(R|K|X)(...?)?(D|B|E|Z|X)(...?)?(Y|X);True;3154;0; 
.(G|X)(R|K|X)(R|K|X);False;7370;0; 
(S|T|X).(R|K|X);True;298;0; 
((R|K|X)(...?)?(D|B|E|Z|X)(...?)?(Y|X))|(.(G|X)(R|K|X)(R|K|X))|((S|T|X).(R|K|X));True;417;0; 
string;MYQAINPCPQSWYGSPQLEREIVCKMSGAPHYPNYYPVHPNALGGAWFDTSLNARSLTTTPSLTTCTPPSLAACTPPTSLGMVDSPPHINPPRRIGTLCFDFGSAKSPQRCECVASDRPSTTSNTAPDTYRLLITNSKTRKNNYGTCRLEPLTYGI;;
regex;result;copro;python re
(((R|K|X)(R|K|X))?.(S|T|X));True;361;0; 
(S|T|X)(..)?(D|B|E|Z|X);True;2690;0; 
(C|X).(D|B|N|B|X)(....)?(F|Y|X).(C|X).(C|X);False;3406;0; 
(C|X)(.....?)?(C|X)(C|X)(S|X)(..)?(G|X).(C|X)(G|X)(....?)?(F|Y|W|X)(C|X);False;3375;0; 
(C|X)(..(..)?)?(C|X)(...)?(L|I|V|M|F|Y|W|C|X)(........)?(H|X)(...(..)?)?(H|X);False;3447;0; 
((L|I|V|M|F|E|Z|X)(F|Y|X)(P|X)(W|X)(M|X)(K|R|Q|Z|T|A|X));False;5143;0; 
((L|X)(M|X)(A|X)(E|Z|Q|Z|X)(G|X)(L|X)(Y|X)(N|B|X));False;3340;0; 
((R|X)(P|X)(C|X)(..........)?(C|X)(V|X)(S|X));False;3371;0; 
(R|K|X)(...?)?(D|B|E|Z|X)(...?)?(Y|X);False;3837;0; 
.(G|X)(R|K|X)(R|K|X);False;2532;0; 
(S|T|X).(R|K|X);True;2150;0; 
((R|K|X)(...?)?(D|B|E|Z|X)(...?)?(Y|X))|(.(G|X)(R|K|X)(R|K|X))|((S|T|X).(R|K|X));True;3063;0; 
string;MARPLLGKTSSVRRRLESLSACSIFFFLRKFCQKMASLVFLNSPVYQMSNILLTERRQVDRAMGGSDDDGVMVVALSPSDFKTVLGSALLAVERDMVHVVPKYLQTPGILHDMLVLLTPIFGEALSVDMSGATDVMVQQIATAGFVDVDPLHSSVSWKDNVSCPVALLAVSNAVRTMMGQPCQVTLIIDVGTQNILRDLVNLPVEMSGDLQVMAYTKDPLGKVPAVGVSVFDSGSVQKGDAHSVGAPDGLVSFHTHPVSSAVELNYHAGWPSNVDMSSLLTMKNLMHVVVAEEGLWTMARTLSMQRLTKVLTDAEKDVMRAAAFNLFLPLNELRVMGTKDSNNKSLKTYFEVFETFTIGALMKHSGVTPTAFVDRRWLDNTIYHMGFIPWGRDMRFVVEYDLDGTNPFLNTVPTLMSVKRKAKIQEMFDNMVSRMVTS;;
regex;result;copro;python re
(((R|K|X)(R|K|X))?.(S|T|X));True;298;0; 
(S|T|X)(..)?(D|B|E|Z|X);True;1279;0; 
(C|X).(D|B|N|B|X)(....)?(F|Y|X).(C|X).(C|X);False;9284;0; 
(C|X)(.....?)?(C|X)(C|X)(S|X)(..)?(G|X).(C|X)(G|X)(....?)?(F|Y|W|X)(C|X);False;9278;0; 
(C|X)(..(..)?)?(C|X)(...)?(L|I|V|M|F|Y|W|C|X)(........)?(H|X)(...(..)?)?(H|X);False;9318;0; 
((L|I|V|M|F|E|Z|X)(F|Y|X)(P|X)(W|X)(M|X)(K|R|Q|Z|T|A|X));False;14273;0; 
((L|X)(M|X)(A|X)(E|Z|Q|Z|X)(G|X)(L|X)(Y|X)(N|B|X));False;9314;0; 
((R|X)(P|X)(C|X)(..........)?(C|X)(V|X)(S|X));False;9346;0; 
(R|K|X)(...?)?(D|B|E|Z|X)(...?)?(Y|X);True;9368;0; 
.(G|X)(R|K|X)(R|K|X);False;7081;0; 
(S|T|X).(R|K|X);True;279;0; 
((R|K|X)(...?)?(D|B|E|Z|X)(...?)?(Y|X))|(.(G|X)(R|K|X)(R|K|X))|((S|T|X).(R|K|X));True;455;0; 
string;MNAKYDTDQGVGRMLFLGTIGLAVVVGGLMAYGYYYDGKTPSSGTSFHTASPSFSSRYRY;;
regex;result;copro;python re
(((R|K|X)(R|K|X))?.(S|T|X));True;234;0; 
(S|T|X)(..)?(D|B|E|Z|X);True;193;0; 
(C|X).(D|B|N|B|X)(....)?(F|Y|X).(C|X).(C|X);False;1311;0; 
(C|X)(.....?)?(C|X)(C|X)(S|X)(..)?(G|X).(C|X)(G|X)(....?)?(F|Y|W|X)(C|X);False;1311;0; 
(C|X)(..(..)?)?(C|X)(...)?(L|I|V|M|F|Y|W|C|X)(........)?(H|X)(...(..)?)?(H|X);False;1311;0; 
((L|I|V|M|F|E|Z|X)(F|Y|X)(P|X)(W|X)(M|X)(K|R|Q|Z|T|A|X));False;2065;0; 
((L|X)(M|X)(A|X)(E|Z|Q|Z|X)(G|X)(L|X)(Y|X)(N|B|X));False;1323;0; 
((R|X)(P|X)(C|X)(..........)?(C|X)(V|X)(S|X));False;1322;0; 
(R|K|X)(...?)?(D|B|E|Z|X)(...?)?(Y|X);False;1502;0; 
.(G|X)(R|K|X)(R|K|X);False;1013;0; 
(S|T|X).(R|K|X);True;1166;0; 
((R|K|X)(...?)?(D|B|E|Z|X)(...?)?(Y|X))|(.(G|X)(R|K|X)(R|K|X))|((S|T|X).(R|K|X));True;1687;0; 
string;MRYTVLIALQGALLLLLLIDDGQGQSPYPYPGMPCNSSRQCGLGTCVHSRCAHCSSDGTLCSPEDPTMVWPCCPESSCQLVVGLPSLVNHYNCLPNQCTDSSQCPGGFGCMTRRSKCELCKADGEACNSPYLDWRKDKECCSGYCHTEARGLEGVCIDPKKIFCTPKNPWQLAPYPPSYHQPTTLRPPTSLYDSWLMSGFLVKSTTAPSTQEEEDDY;;
regex;result;copro;python re
(((R|K|X)(R|K|X))?.(S|T|X));True;132;0; 
(S|T|X)(..)?(D|B|E|Z|X);True;1292;0; 
(C|X).(D|B|N|B|X)(....)?(F|Y|X).(C|X).(C|X);False;4782;0; 
(C|X)(.....?)?(C|X)(C|X)(S|X)(..)?(G|X).(C|X)(G|X)(....?)?(F|Y|W|X)(C|X);False;4691;0; 
(C|X)(..(..)?)?(C|X)(...)?(L|I|V|M|F|Y|W|C|X)(........)?(H|X)(...(..)?)?(H|X);False;5178;0; 
((L|I|V|M|F|E|Z|X)(F|Y|X)(P|X)(W|X)(M|X)(K|R|Q|Z|T|A|X));False;7115;0; 
((L|X)(M|X)(A|X)(E|Z|Q|Z|X)(G|X)(L|X)(Y|X)(N|B|X));False;4637;0; 
((R|X)(P|X)(C|X)(..........)?(C|X)(V|X)(S|X));False;4641;0; 
(R|K|X)(...?)?(D|B|E|Z|X)(...?)?(Y|X);False;5289;0; 
.(G|X)(R|K|X)(R|K|X);False;3515;0; 
(S|T|X).(R|K|X);True;798;0; 
((R|K|X)(...?)?(D|B|E|Z|X)(...?)?(Y|X))|(.(G|X)(R|K|X)(R|K|X))|((S|T|X).(R|K|X));True;1124;0; 
string;MQNPLPEVMSPEHDKRTTTPMSKEANKFIRELDKKPGDLAVVSDFVKRNTGKRLPIGKRSNLYVRICDLSGTIYMGETFILESWEELYLPEPTKMEVLGTLESCCGIPPFPEWIVMVGEDQCVYAYGDEEILLFAYSVKQLVEEGIQETGISYKYPDDISDVDEEVLQQDEEIQKIRKKTREFVDKDAQEFQDFLNSLDASLLS;;
regex;result;copro;python re
(((R|K|X)(R|K|X))?.(S|T|X));True;334;0; 
(S|T|X)(..)?(D|B|E|Z|X);True;1013;0; 
(C|X).(D|B|N|B|X)(....)?(F|Y|X).(C|X).(C|X);False;4369;0; 
(C|X)(.....?)?(C|X)(C|X)(S|X)(..)?(G|X).(C|X)(G|X)(....?)?(F|Y|W|X)(C|X);False;4371;0; 
(C|X)(..(..)?)?(C|X)(...)?(L|I|V|M|F|Y|W|C|X)(........)?(H|X)(...(..)?)?(H|X);False;4428;0; 
((L|I|V|M|F|E|Z|X)(F|Y|X)(P|X)(W|X)(M|X)(K|R|Q|Z|T|A|X));False;6706;0; 
((L|X)(M|X)(A|X)(E|Z|Q|Z|X)(G|X)(L|X)(Y|X)(N|B|X));False;4357;0; 
((R|X)(P|X)(C|X)(..........)?(C|X)(V|X)(S|X));False;4370;0; 
(R|K|X)(...?)?(D|B|E|Z|X)(...?)?(Y|X);False;5147;0; 
.(G|X)(R|K|X)(R|K|X);True;873;0; 
(S|T|X).(R|K|X);True;1057;0; 
((R|K|X)(...?)?(D|B|E|Z|X)(...?)?(Y|X))|(.(G|X)(R|K|X)(R|K|X))|((S|T|X).(R|K|X));True;1718;0; 
string;MDSLNEVCYEQIKGTFYKGLFGDFPLIVDKKTGCFNATKLCVLGGKRFVDWNKTLRSKKLIQYYETRCDIKTESLLYEIKGDNNDEITKQITGTYLPKEFILDIASWISVEFYDKCNNIIINYFVNEYKTMDKKTLQSKINEVEEKMQKLLNEKEEELQEKNDKIDELILFSKRMEEDRKKDREMMIKQEKMLRELGIHLEDVSSQNNELIEKVDEQVEQNAVLNFKIDNIQNKLEIAVEDRAPQPKQNLKRERFILLKRNDDYYPYYTIRAQDINARSALKRQKNLYNEVSVLLDLTCHPNSKTLYVRVKDELKQKGVVFNLCKVSISNSKINEEELIKAMETINDEKRDV;;
regex;result;copro;python re
(((R|K|X)(R|K|X))?.(S|T|X));True;111;0; 
(S|T|X)(..)?(D|B|E|Z|X);True;157;0; 
(C|X).(D|B|N|B|X)(....)?(F|Y|X).(C|X).(C|X);False;7537;0; 
(C|X)(.....?)?(C|X)(C|X)(S|X)(..)?(G|X).(C|X)(G|X)(....?)?(F|Y|W|X)(C|X);False;7480;0; 
(C|X)(..(..)?)?(C|X)(...)?(L|I|V|M|F|Y|W|C|X)(........)?(H|X)(...(..)?)?(H|X);False;7548;0; 
((L|I|V|M|F|E|Z|X)(F|Y|X)(P|X)(W|X)(M|X)(K|R|Q|Z|T|A|X));False;11471;0; 
((L|X)(M|X)(A|X)(E|Z|Q|Z|X)(G|X)(L|X)(Y|X)(N|B|X));False;7482;0; 
((R|X)(P|X)(C|X)(..........)?(C|X)(V|X)(S|X));False;7514;0; 
(R|K|X)(...?)?(D|B|E|Z|X)(...?)?(Y|X);True;6855;0; 
.(G|X)(R|K|X)(R|K|X);True;784;0; 
(S|T|X).(R|K|X);True;1139;0; 
((R|K|X)(...?)?(D|B|E|Z|X)(...?)?(Y|X))|(.(G|X)(R|K|X)(R|K|X))|((S|T|X).(R|K|X));True;1419;0; 
string;MYKMYFLKDQKFSLSGTIRINDKTQSEYGSVWCPGLSITGLHHDAIDHNMFEEMETEIIEYLGPWVQAEYRRIKG;;
regex;result;copro;python re
(((R|K|X)(R|K|X))?.(S|T|X));True;419;0; 
(S|T|X)(..)?(D|B|E|Z|X);True;635;0; 
(C|X).(D|B|N|B|X)(....)?(F|Y|X).(C|X).(C|X);False;1635;0; 
(C|X)(.....?)?(C|X)(C|X)(S|X)(..)?(G|X).(C|X)(G|X)(....?)?(F|Y|W|X)(C|X);False;1635;0; 
(C|X)(..(..)?)?(C|X)(...)?(L|I|V|M|F|Y|W|C|X)(........)?(H|X)(...(..)?)?(H|X);False;1644;0; 
((L|I|V|M|F|E|Z|X)(F|Y|X)(P|X)(W|X)(M|X)(K|R|Q|Z|T|A|X));False;2560;0; 
((L|X)(M|X)(A|X)(E|Z|Q|Z|X)(G|X)(L|X)(Y|X)(N|B|X));False;1634;0; 
((R|X)(P|X)(C|X)(..........)?(C|X)(V|X)(S|X));False;1633;0; 
(R|K|X)(...?)?(D|B|E|Z|X)(...?)?(Y|X);True;783;0; 
.(G|X)(R|K|X)(R|K|X);False;1230;0; 
(S|T|X).(R|K|X);True;397;0; 
((R|K|X)(...?)?(D|B|E|Z|X)(...?)?(Y|X))|(.(G|X)(R|K|X)(R|K|X))|((S|T|X).(R|K|X));True;654;0; 
